ID,Name,Price,"Quantity on Hand"
0,"Tuscan brown Sectional","$1,039.99",43
1,"Old burgundy Bed",$389.99,94
2,"Resolution blue Sofa",$649.99,81
3,"Cotton candy Coffee Table",$200,92
4,"Goldenrod Coffee Table",$200,84
5,"Violet Bench",$114.99,79
6,"Imperial red Dining Table",$800,44
7,"Screamin' Green End Table",$39.99,37
8,"Rusty red Daybed",$311.99,19
9,"Phthalo green Crib",$289,5
10,"Champagne pink End Table",$39.99,44
11,"Cadmium yellow Bench",$114.99,21
12,"Burlywood Headboard",$222.99,13
13,"Antique brass Futon",$219.99,3
14,"Cyber yellow Sleeper Sofa","$1,279.99",50
15,"China rose Loveseat",$269.99,73
16,"Indigo Stool",$54.99,48
17,"Baby pink Reclining Loveseat","$1,023.99",57
18,"Platinum Bench",$114.99,34
19,"Indigo Wardrobe",$719.99,24
20,"Tropical rainforest Dining Table",$800,96
21,"French violet Storage Bench",$194.99,27
22,"Citron Ottoman",$52.99,78
23,"Mexican pink Headboard",$222.99,100
24,"Arylide yellow Nightstand",$81.99,94
25,"Cadmium red Dining Table",$800,87
26,"Maximum red Bed",$389.99,85
27,"Radical Red Daybed",$311.99,8
28,"Deep champagne Sleeper Sofa","$1,279.99",73
29,"Blond Plant Stand",$42.99,81
30,"Strawberry Blonde End Table",$39.99,44
31,"Copper rose Chaise Lounge",$235.99,69
32,"Princeton orange Sectional","$1,039.99",82
33,"Rusty red Stool",$54.99,1
34,"MSU green Sectional","$1,039.99",0
35,"Silver pink Nightstand",$81.99,93
36,"Apple green Coffee Table",$200,76
37,"Carmine Sofa",$649.99,45
38,"Shimmering Blush Bench",$114.99,28
39,"Medium blue Dresser",$699.99,12
40,"Tuscan red Stool",$54.99,34
41,"Pine tree Crib",$289,9
42,"Dark turquoise Dresser",$699.99,51
43,"Japanese carmine Dresser",$699.99,86
44,"Antique brass Plant Stand",$42.99,63
45,"Fern green Sleeper Sofa","$1,279.99",42
46,"Bright yellow Bed",$389.99,89
47,"Hansa yellow Sectional","$1,039.99",53
48,"Magic mint Chaise Lounge",$235.99,77
49,"India green Sofa",$649.99,0
50,"UA red Reclining Sofa","$1,119.99",77
51,"Heliotrope gray Wardrobe",$719.99,90
52,"Blue jeans Storage Bench",$194.99,82
53,"Burnt umber Sectional","$1,039.99",15
54,"Magenta Reclining Sofa","$1,119.99",86
55,"Cornell red Wardrobe",$719.99,15
56,"Sizzling Red Reclining Loveseat","$1,023.99",100
57,"Apple green Plant Stand",$42.99,45
58,"Desert Headboard",$222.99,21
59,"Maximum purple Headboard",$222.99,46
60,"Dark slate blue Wardrobe",$719.99,81
61,"China rose Crib",$289,67
62,"Mauve taupe Ottoman",$52.99,4
63,"Green Lizard Wardrobe",$719.99,20
64,"Lime green Bench",$114.99,62
65,"Peach Dining Table",$800,79
66,"Neon Carrot Plant Stand",$42.99,2
67,"Slate gray Crib",$289,85
68,"Fire engine red Coffee Table",$200,81
69,"Cool grey Dresser",$699.99,58
70,"French raspberry Reclining Loveseat","$1,023.99",57
71,"Middle red Headboard",$222.99,63
72,"Barn red Headboard",$222.99,93
73,"Rocket metallic Storage Bench",$194.99,83
74,"Black coffee Futon",$219.99,84
75,"African violet Dining Chair",$89.99,59
76,"Tan Ottoman",$52.99,39
77,"Celtic blue Sectional","$1,039.99",67
78,"Spanish viridian Bench",$114.99,68
79,"Blue-green Bench",$114.99,18
80,"Purple navy Daybed",$311.99,48
81,"Vivid burgundy Sleeper Sofa","$1,279.99",62
82,"Arctic lime Storage Bench",$194.99,100
83,"June bud Bench",$114.99,75
84,"Beau blue Dining Table",$800,56
85,"Middle yellow Bed",$389.99,84
86,"Neon Carrot Bed",$389.99,17
87,"Beau blue Daybed",$311.99,36
88,"Amaranth purple Wardrobe",$719.99,4
89,"Maximum blue green Loveseat",$269.99,13
90,"Plump Purple End Table",$39.99,43
91,"Ultramarine blue Bench",$114.99,27
92,"Electric indigo Bench",$114.99,86
93,"Ruby red Dresser",$699.99,4
94,"Old gold Headboard",$222.99,3
95,"Light French beige Sectional","$1,039.99",95
96,"Field drab Sofa",$649.99,19
97,"Electric green Plant Stand",$42.99,82
98,"Medium slate blue Crib",$289,3
99,"Firebrick Sectional","$1,039.99",18
100,"Red Wardrobe",$719.99,8
101,"Light cornflower blue Wardrobe",$719.99,4
102,"Green Lizard Dining Table",$800,25
103,"Pakistan green Loveseat",$269.99,55
104,"Orange soda Sleeper Sofa","$1,279.99",28
105,"Dark chocolate End Table",$39.99,56
106,"Metallic Seaweed Crib",$289,2
107,"Dark electric blue Stool",$54.99,60
108,"Saffron Sectional","$1,039.99",46
109,"Heliotrope gray Futon",$219.99,49
110,"Taupe gray Crib",$289,48
111,"Space cadet blue End Table",$39.99,74
112,"Naples yellow Loveseat",$269.99,27
113,"Dartmouth green Plant Stand",$42.99,52
114,"Rufous Futon",$219.99,21
115,"Naples yellow Futon",$219.99,40
116,"Rose taupe Reclining Loveseat","$1,023.99",77
117,"Dark green Reclining Loveseat","$1,023.99",89
118,"Medium blue Nightstand",$81.99,94
119,"Avocado Wardrobe",$719.99,7
120,"Mint cream Loveseat",$269.99,40
121,"Mantis green Chaise Lounge",$235.99,16
122,"Burgundy Stool",$54.99,70
123,"Cornsilk Loveseat",$269.99,29
124,"Light sky blue Dining Table",$800,4
125,"Sand Wardrobe",$719.99,40
126,"Brilliant rose Crib",$289,19
127,"Pale silver Dining Chair",$89.99,29
128,"Tickle Me Pink Dresser",$699.99,98
129,"MSU green Bed",$389.99,99
130,"Deep jungle green Chaise Lounge",$235.99,74
131,"Persian rose Dresser",$699.99,75
132,"Old lace Dresser",$699.99,66
133,"Maize Sofa",$649.99,41
134,"Blue sapphire Crib",$289,96
135,"Frostbite pink Bench",$114.99,19
136,"Dark sea green Dining Chair",$89.99,72
137,"Corn Crib",$289,27
138,"Fandango pink Bed",$389.99,72
139,"English vermillion Dining Chair",$89.99,19
140,"Cotton candy Loveseat",$269.99,99
141,"Dark chocolate End Table",$39.99,43
142,"Citron Loveseat",$269.99,31
143,"Golden brown Bench",$114.99,53
144,"Citron Bench",$114.99,82
145,"Prune Sofa",$649.99,19
146,"Morning blue Bench",$114.99,93
147,"Blond Headboard",$222.99,30
148,"Deep cerise Crib",$289,54
149,"Asparagus green Ottoman",$52.99,36
150,"Thulian pink Chaise Lounge",$235.99,72
151,"Redwood Reclining Sofa","$1,119.99",28
152,"Medium champagne Loveseat",$269.99,39
153,"Deep pink Dresser",$699.99,59
154,"Shadow blue Chaise Lounge",$235.99,48
155,"Egyptian blue Bench",$114.99,66
156,"French raspberry Sleeper Sofa","$1,279.99",2
157,"Cosmic latte Plant Stand",$42.99,37
158,"Smoky black Chaise Lounge",$235.99,16
159,"Light steel blue Bench",$114.99,69
160,"English lavender Nightstand",$81.99,49
161,"Straw Daybed",$311.99,61
162,"Harvard Crimson Storage Bench",$194.99,20
163,"Rose Wardrobe",$719.99,7
164,"Candy apple red Dining Table",$800,60
165,"Vegas gold Coffee Table",$200,14
166,"Blue jeans Crib",$289,83
167,"Middle yellow Stool",$54.99,96
168,"Mango Tango End Table",$39.99,45
169,"Volt green Bench",$114.99,22
170,"Metallic Sunburst Sleeper Sofa","$1,279.99",5
171,"Mellow apricot End Table",$39.99,4
172,"Magnolia Headboard",$222.99,28
173,"Polished Pine Sectional","$1,039.99",35
174,"Yellow-green Storage Bench",$194.99,36
175,"Malachite green Dresser",$699.99,84
176,"Umber Bench",$114.99,64
177,"Harvard Crimson Dining Table",$800,74
178,"Tuscan red Sofa",$649.99,30
179,"Café au lait Dining Table",$800,44
180,"Turquoise green Headboard",$222.99,12
181,"Cream Sofa",$649.99,49
182,"Japanese carmine Dining Table",$800,82
183,"Sacramento State green Sleeper Sofa","$1,279.99",34
184,"Strawberry Dresser",$699.99,63
185,"Wine red End Table",$39.99,23
186,"Maximum green yellow Daybed",$311.99,69
187,"Middle yellow Loveseat",$269.99,95
188,"Medium carmine Reclining Sofa","$1,119.99",67
189,"Wine red Sectional","$1,039.99",24
190,"Orange peel Storage Bench",$194.99,11
191,"Royal purple Headboard",$222.99,43
192,"Mandarin Plant Stand",$42.99,12
193,"Shadow grey Coffee Table",$200,53
194,"Lime Reclining Sofa","$1,119.99",64
195,"Hollywood cerise Reclining Loveseat","$1,023.99",54
196,"Tango pink Dining Chair",$89.99,19
197,"Vanilla Reclining Sofa","$1,119.99",83
198,"Phthalo green Stool",$54.99,20
199,"Orange peel Bed",$389.99,81
200,"Antique ruby Wardrobe",$719.99,91
201,"Hot pink Daybed",$311.99,30
202,"Davy's grey Ottoman",$52.99,34
203,"Coyote brown Loveseat",$269.99,35
204,"OU Crimson red Sectional","$1,039.99",36
205,"Pullman Brown Sectional","$1,039.99",90
206,"Tea rose Loveseat",$269.99,69
207,"Columbia Blue Dining Chair",$89.99,65
208,"Purple pizzazz Reclining Loveseat","$1,023.99",60
209,"Mimi pink Reclining Sofa","$1,119.99",85
210,"French mauve Bench",$114.99,4
211,"Maximum yellow red Stool",$54.99,96
212,"Dark sienna Sleeper Sofa","$1,279.99",88
213,"Yellow Orange Dining Chair",$89.99,98
214,"Kelly green Bed",$389.99,88
215,"Mantis green Sectional","$1,039.99",68
216,"Ebony Storage Bench",$194.99,20
217,"Green-blue Loveseat",$269.99,9
218,"Canary Coffee Table",$200,95
219,"Plum Dining Table",$800,17
220,"Dark green Reclining Sofa","$1,119.99",40
221,"Persian pink Chaise Lounge",$235.99,0
222,"Flame Coffee Table",$200,10
223,"Bluetiful Sofa",$649.99,88
224,"Eggplant Bed",$389.99,95
225,"UP Forest green Daybed",$311.99,99
226,"True Blue Headboard",$222.99,59
227,"May green Futon",$219.99,91
228,"Pink lavender Daybed",$311.99,22
229,"Cadet grey Crib",$289,27
230,"Copper rose Loveseat",$269.99,27
231,"Nickel Bench",$114.99,64
232,"French pink End Table",$39.99,9
233,"Macaroni and Cheese Chaise Lounge",$235.99,29
234,"Bitter lemon Reclining Sofa","$1,119.99",52
235,"Russian violet Reclining Sofa","$1,119.99",74
236,"Languid lavender Nightstand",$81.99,96
237,"Flame Plant Stand",$42.99,18
238,"Vanilla Reclining Sofa","$1,119.99",47
239,"Golden poppy Futon",$219.99,89
240,"Azure Loveseat",$269.99,60
241,"Heliotrope gray Bed",$389.99,96
242,"Old gold Coffee Table",$200,69
243,"Rose quartz Storage Bench",$194.99,38
244,"Bleu de France Sectional","$1,039.99",0
245,"Dark slate gray Ottoman",$52.99,15
246,"Smoky black Bench",$114.99,59
247,"Mountain Meadow green Stool",$54.99,72
248,"Orange soda Storage Bench",$194.99,55
249,"Middle yellow End Table",$39.99,67
250,"Goldenrod Daybed",$311.99,82
251,"Star command blue Dining Table",$800,57
252,"Raw umber Futon",$219.99,66
253,"UP Forest green Nightstand",$81.99,48
254,"Cyan Ottoman",$52.99,27
255,"Apple green Daybed",$311.99,5
256,"Cadet blue Sleeper Sofa","$1,279.99",96
257,"French mauve Stool",$54.99,5
258,"Celadon blue Sofa",$649.99,79
259,"Aero blue Storage Bench",$194.99,79
260,"Bud green End Table",$39.99,86
261,"Cadet grey Dresser",$699.99,58
262,"Slimy green Dining Table",$800,73
263,"Wild watermelon Sleeper Sofa","$1,279.99",83
264,"Carolina blue Bed",$389.99,22
265,"Mulberry Dresser",$699.99,38
266,"United Nations blue Ottoman",$52.99,1
267,"Mountbatten pink Loveseat",$269.99,76
268,"Neon green Plant Stand",$42.99,89
269,"Cool grey Sofa",$649.99,47
270,"Goldenrod Daybed",$311.99,84
271,"Bright green Wardrobe",$719.99,86
272,"Mauvelous Sectional","$1,039.99",48
273,"Battleship grey Sofa",$649.99,24
274,"Chocolate Dining Table",$800,78
275,"Silver pink Storage Bench",$194.99,85
276,"Mandarin Reclining Loveseat","$1,023.99",100
277,"Heliotrope gray Loveseat",$269.99,8
278,"Brown sugar Storage Bench",$194.99,39
279,"Flame Crib",$289,82
280,"Imperial red Headboard",$222.99,45
281,"Languid lavender Bench",$114.99,64
282,"Violet-blue Nightstand",$81.99,4
283,"Rocket metallic Bed",$389.99,67
284,"Palatinate purple End Table",$39.99,91
285,"Coyote brown Reclining Sofa","$1,119.99",29
286,"Persian pink Coffee Table",$200,100
287,"Mexican pink Reclining Loveseat","$1,023.99",60
288,"Dark electric blue Sofa",$649.99,17
289,"Cinnamon Satin Nightstand",$81.99,82
290,"Maximum red purple Nightstand",$81.99,94
291,"China pink Stool",$54.99,63
292,"Mountain Meadow green Dresser",$699.99,40
293,"Fawn Headboard",$222.99,4
294,"Light coral Reclining Loveseat","$1,023.99",26
295,"Rich black Dining Table",$800,56
296,"Tickle Me Pink Coffee Table",$200,41
297,"Neon blue Reclining Sofa","$1,119.99",68
298,"Blood red Reclining Loveseat","$1,023.99",43
299,"China pink Wardrobe",$719.99,20
300,"Espresso Bench",$114.99,24
301,"Maximum blue Headboard",$222.99,83
302,"Neon fuchsia Coffee Table",$200,86
303,"Emerald Dresser",$699.99,28
304,"Wild watermelon Reclining Loveseat","$1,023.99",90
305,"OU Crimson red Sofa",$649.99,82
306,"Umber Dining Chair",$89.99,72
307,"Green-blue Coffee Table",$200,73
308,"Royal blue Stool",$54.99,66
309,"Psychedelic purple Reclining Loveseat","$1,023.99",44
310,"Amaranth red Stool",$54.99,83
311,"Pale silver Loveseat",$269.99,36
312,"Hot magenta Futon",$219.99,42
313,"Flax Daybed",$311.99,79
314,"Manatee grey Futon",$219.99,16
315,"Middle red Nightstand",$81.99,10
316,"Chestnut Plant Stand",$42.99,51
317,"Slate blue Wardrobe",$719.99,70
318,"Dim gray Dining Table",$800,48
319,"Spanish viridian Storage Bench",$194.99,79
320,"University of Pennsylvania red Headboard",$222.99,66
321,"Light gray Coffee Table",$200,53
322,"Lime Wardrobe",$719.99,19
323,"Rocket metallic Dresser",$699.99,28
324,"Brown sugar Dresser",$699.99,6
325,"Fluorescent blue Sofa",$649.99,65
326,"Sizzling Sunrise yellow Plant Stand",$42.99,57
327,"Khaki Bed",$389.99,44
328,"Ghost white Plant Stand",$42.99,58
329,"Citron Sectional","$1,039.99",26
330,"Frostbite pink Nightstand",$81.99,44
331,"Ultra red Plant Stand",$42.99,1
332,"Resolution blue Bench",$114.99,18
333,"Chinese violet Dining Table",$800,45
334,"Denim Crib",$289,19
335,"Vegas gold Dining Table",$800,1
336,"Saffron Bench",$114.99,56
337,"Espresso End Table",$39.99,19
338,"Chocolate Loveseat",$269.99,61
339,"Sand dune Chaise Lounge",$235.99,21
340,"Congo pink Ottoman",$52.99,92
341,"Uranian blue Stool",$54.99,30
342,"Silver pink Headboard",$222.99,58
343,"Green-yellow Dining Table",$800,12
344,"Steel Teal Loveseat",$269.99,32
345,"Unbleached silk Futon",$219.99,28
346,"French violet Wardrobe",$719.99,95
347,"Mauve taupe Chaise Lounge",$235.99,65
348,"Dark green Dining Table",$800,65
349,"OU Crimson red Bed",$389.99,11
350,"Green-blue Sectional","$1,039.99",56
351,"Pansy purple Wardrobe",$719.99,30
352,"Han purple Sofa",$649.99,63
353,"Dark sea green Nightstand",$81.99,85
354,"Orange-yellow Daybed",$311.99,87
355,"Pacific blue Sofa",$649.99,10
356,"Smoky black Nightstand",$81.99,56
357,"Dogwood rose Sleeper Sofa","$1,279.99",59
358,"Indigo dye Nightstand",$81.99,84
359,"Gold Daybed",$311.99,2
360,"Sage green Coffee Table",$200,53
361,"Copper penny Dining Chair",$89.99,60
362,"Steel blue Headboard",$222.99,4
363,"Lemon yellow Reclining Loveseat","$1,023.99",91
364,"Salmon pink Nightstand",$81.99,81
365,"Eton blue End Table",$39.99,62
366,"Blanched almond Ottoman",$52.99,50
367,"Candy apple red Nightstand",$81.99,98
368,"India green Reclining Sofa","$1,119.99",4
369,"B'dazzled blue Crib",$289,83
370,"International orange Headboard",$222.99,91
371,"Rusty red Dining Chair",$89.99,60
372,"Light cyan Plant Stand",$42.99,53
373,"Roman silver Reclining Loveseat","$1,023.99",54
374,"Italian sky blue Coffee Table",$200,0
375,"Dark sky blue Chaise Lounge",$235.99,24
376,"Royal purple Dresser",$699.99,96
377,"Pine green Crib",$289,79
378,"Electric lime Dresser",$699.99,78
379,"Amaranth red Ottoman",$52.99,98
380,"Drab Stool",$54.99,44
381,"Peach Nightstand",$81.99,18
382,"Moss green Nightstand",$81.99,35
383,"Smoky black Reclining Sofa","$1,119.99",9
384,"Mustard yellow Daybed",$311.99,22
385,"Picotee blue Futon",$219.99,3
386,"Seal brown Storage Bench",$194.99,98
387,"Desert sand Dresser",$699.99,74
388,"Rose taupe Bed",$389.99,37
389,"Wintergreen Dream Reclining Loveseat","$1,023.99",9
390,"Amaranth red Plant Stand",$42.99,42
391,"Forest green Crib",$289,20
392,"Barn red Sectional","$1,039.99",4
393,"Black Sectional","$1,039.99",87
394,"Space cadet blue Reclining Sofa","$1,119.99",60
395,"Slate blue Plant Stand",$42.99,34
396,"Café au lait Bench",$114.99,66
397,"Lilac Reclining Loveseat","$1,023.99",96
398,"Cadmium red Dining Chair",$89.99,62
399,"Old gold Reclining Loveseat","$1,023.99",67
400,"English lavender Dining Table",$800,36
401,"United Nations blue Wardrobe",$719.99,65
402,"Crimson Crib",$289,10
403,"Chocolate Sectional","$1,039.99",1
404,"YInMn Blue Loveseat",$269.99,34
405,"Dark red Chaise Lounge",$235.99,83
406,"Dark blue-gray Futon",$219.99,2
407,"French bistre Sectional","$1,039.99",96
408,"Dark slate blue Dining Chair",$89.99,23
409,"Chocolate Futon",$219.99,61
410,"Fandango pink Bed",$389.99,95
411,"Egyptian blue Bench",$114.99,81
412,"Maximum blue green Sleeper Sofa","$1,279.99",72
413,"Safety orange Wardrobe",$719.99,60
414,"Seal brown Nightstand",$81.99,55
415,"Citrine Sectional","$1,039.99",24
416,"Coral Bench",$114.99,52
417,"Light goldenrod yellow Coffee Table",$200,51
418,"Wild blue yonder Dresser",$699.99,88
419,"Harvard Crimson Futon",$219.99,12
420,"Spanish orange Bed",$389.99,47
421,"Light sea green Daybed",$311.99,58
422,"Tiffany Blue Nightstand",$81.99,63
423,"Green Lizard Daybed",$311.99,40
424,"Coffee Stool",$54.99,73
425,"Cobalt blue Coffee Table",$200,99
426,"Green-blue Bed",$389.99,6
427,"Smoky black Chaise Lounge",$235.99,51
428,"Mint green Wardrobe",$719.99,93
429,"Black bean Chaise Lounge",$235.99,74
430,"Sand dune Reclining Loveseat","$1,023.99",30
431,"Aquamarine Dining Chair",$89.99,43
432,"Saffron Bench",$114.99,88
433,"Lemon glacier Reclining Sofa","$1,119.99",17
434,"Mikado yellow Chaise Lounge",$235.99,40
435,"Old lavender Daybed",$311.99,95
436,"Thulian pink Plant Stand",$42.99,12
437,"Persian orange Sofa",$649.99,31
438,"Mountain Meadow green Nightstand",$81.99,86
439,"Turquoise green Wardrobe",$719.99,70
440,"Maximum blue Futon",$219.99,69
441,"Cerulean frost End Table",$39.99,13
442,"Deep chestnut Headboard",$222.99,64
443,"Vivid tangerine Futon",$219.99,28
444,"United Nations blue Reclining Sofa","$1,119.99",74
445,"Schauss pink Crib",$289,93
446,"Aero blue Reclining Sofa","$1,119.99",7
447,"Polished Pine Daybed",$311.99,78
448,"Hansa yellow Bench",$114.99,87
449,"Syracuse Orange Sectional","$1,039.99",10
450,"Salmon pink Nightstand",$81.99,95
451,"Misty moss green Futon",$219.99,81
452,"Brandy Dining Table",$800,6
453,"Space cadet blue Coffee Table",$200,65
454,"Neon blue Futon",$219.99,10
455,"Blond Storage Bench",$194.99,28
456,"Amaranth red Nightstand",$81.99,54
457,"Cyber yellow Futon",$219.99,85
458,"Amaranth red Storage Bench",$194.99,40
459,"Paolo Veronese green Plant Stand",$42.99,48
460,"Air superiority blue Headboard",$222.99,8
461,"Orange End Table",$39.99,55
462,"Brink pink Reclining Sofa","$1,119.99",36
463,"Cedar Chest Sofa",$649.99,12
464,"Blue bell Stool",$54.99,36
465,"Moss green Sectional","$1,039.99",20
466,"Blush Dresser",$699.99,2
467,"Periwinkle End Table",$39.99,82
468,"Medium orchid Dining Chair",$89.99,62
469,"Sugar Plum Plant Stand",$42.99,12
470,"Electric indigo Plant Stand",$42.99,68
471,"Dark sky blue Bed",$389.99,15
472,"Middle blue Loveseat",$269.99,26
473,"Turtle green Ottoman",$52.99,54
474,"Blast-off bronze Bench",$114.99,6
475,"Shamrock green End Table",$39.99,43
476,"Red Storage Bench",$194.99,53
477,"Drab Reclining Sofa","$1,119.99",21
478,"Light salmon Bench",$114.99,100
479,"Dark violet Chaise Lounge",$235.99,60
480,"Dodger blue Crib",$289,45
481,"Maximum purple Dresser",$699.99,96
482,"Bistre brown Sofa",$649.99,93
483,"Ghost white Ottoman",$52.99,26
484,"Magnolia Nightstand",$81.99,68
485,"Ocean green Dresser",$699.99,32
486,"Blue-violet End Table",$39.99,49
487,"Light sky blue Reclining Sofa","$1,119.99",85
488,"Columbia Blue Dining Table",$800,89
489,"Silver sand Headboard",$222.99,10
490,"Violet-blue Headboard",$222.99,14
491,"Neon green Stool",$54.99,50
492,"Spanish green Loveseat",$269.99,60
493,"Bright yellow Sleeper Sofa","$1,279.99",73
494,"Deep pink Ottoman",$52.99,60
495,"Wood brown Chaise Lounge",$235.99,1
496,"Process yellow Loveseat",$269.99,95
497,"Old lace End Table",$39.99,91
498,"Green Sheen Daybed",$311.99,71
499,"Dark jungle green Futon",$219.99,86
500,"Tuscan tan Bed",$389.99,40
501,"Dark green Storage Bench",$194.99,25
502,"Cocoa brown Crib",$289,13
503,"Sky blue Bed",$389.99,45
504,"Orchid Storage Bench",$194.99,12
505,"Medium candy apple red Storage Bench",$194.99,43
506,"Taupe gray Coffee Table",$200,59
507,"Blue jeans Reclining Loveseat","$1,023.99",20
508,"Pine green Dresser",$699.99,71
509,"Tawny Daybed",$311.99,48
510,"Electric purple Sleeper Sofa","$1,279.99",46
511,"Heliotrope gray Dining Chair",$89.99,3
512,"Persian red End Table",$39.99,73
513,"Windsor tan Stool",$54.99,28
514,"Deep cerise Storage Bench",$194.99,65
515,"New York pink End Table",$39.99,27
516,"Unbleached silk Dining Table",$800,22
517,"Rose bonbon Bench",$114.99,97
518,"Amethyst Headboard",$222.99,78
519,"Straw Sleeper Sofa","$1,279.99",9
520,"May green Sleeper Sofa","$1,279.99",75
521,"Dark sienna Sleeper Sofa","$1,279.99",24
522,"Blood red End Table",$39.99,100
523,"Pink flamingo Sectional","$1,039.99",74
524,"Cinnamon Satin Futon",$219.99,42
525,"Dim gray Wardrobe",$719.99,10
526,"Slate gray End Table",$39.99,3
527,"Pale purple Dining Chair",$89.99,28
528,"Han purple Crib",$289,74
529,"Old burgundy Sectional","$1,039.99",10
530,"Mauve taupe Sofa",$649.99,61
531,"Maximum green yellow Wardrobe",$719.99,73
532,"Middle red Dining Table",$800,61
533,"Fluorescent blue Daybed",$311.99,62
534,"Bleu de France Nightstand",$81.99,58
535,"Rojo Spanish red End Table",$39.99,78
536,"Wintergreen Dream Dresser",$699.99,9
537,"Straw Sleeper Sofa","$1,279.99",11
538,"Mexican pink Futon",$219.99,100
539,"Russet brown Chaise Lounge",$235.99,47
540,"Brown Headboard",$222.99,17
541,"Antique bronze End Table",$39.99,15
542,"Dark magenta Wardrobe",$719.99,0
543,"Wild blue yonder Coffee Table",$200,52
544,"Japanese violet Storage Bench",$194.99,36
545,"Blush Reclining Sofa","$1,119.99",100
546,"Middle green Ottoman",$52.99,48
547,"Dark orange Plant Stand",$42.99,44
548,"Laser lemon Coffee Table",$200,22
549,"Ghost white Chaise Lounge",$235.99,88
550,"Radical Red Sectional","$1,039.99",74
551,"English green Sectional","$1,039.99",84
552,"Old lavender Reclining Sofa","$1,119.99",8
553,"Piggy pink Chaise Lounge",$235.99,78
554,"Chinese yellow Bed",$389.99,56
555,"Silver chalice End Table",$39.99,78
556,"Cyan Bench",$114.99,100
557,"Dark khaki Stool",$54.99,24
558,"French rose Dining Table",$800,49
559,"Magenta haze Plant Stand",$42.99,31
560,"French mauve Sleeper Sofa","$1,279.99",58
561,"Lavender gray Sleeper Sofa","$1,279.99",47
562,"Orchid Sleeper Sofa","$1,279.99",48
563,"Oxford blue Headboard",$222.99,42
564,"Thulian pink Nightstand",$81.99,1
565,"Sweet Brown Bed",$389.99,31
566,"Sizzling Sunrise yellow Dining Table",$800,81
567,"Amaranth purple Nightstand",$81.99,98
568,"Imperial red Storage Bench",$194.99,5
569,"Light slate gray Wardrobe",$719.99,23
570,"Copper penny Dining Table",$800,39
571,"Corn Nightstand",$81.99,73
572,"Telemagenta End Table",$39.99,90
573,"Charleston green Coffee Table",$200,69
574,"Egyptian blue Daybed",$311.99,14
575,"Old mauve Bed",$389.99,85
576,"Golden brown Daybed",$311.99,2
577,"Aero blue Crib",$289,57
578,"Yellow Sunshine Nightstand",$81.99,96
579,"Windsor tan End Table",$39.99,7
580,"Azure Futon",$219.99,80
581,"Light coral Dresser",$699.99,10
582,"English vermillion Chaise Lounge",$235.99,76
583,"Hot pink Futon",$219.99,100
584,"Davy's grey Ottoman",$52.99,62
585,"Orange-red Futon",$219.99,79
586,"Harvard Crimson Sofa",$649.99,92
587,"Indian yellow Reclining Loveseat","$1,023.99",84
588,"Ivory Ottoman",$52.99,22
589,"Burnt sienna End Table",$39.99,67
590,"Spanish carmine Dresser",$699.99,11
591,"Bluetiful Headboard",$222.99,54
592,"Dark purple Plant Stand",$42.99,6
593,"Blue bell End Table",$39.99,95
594,"Magnolia Wardrobe",$719.99,98
595,"Strawberry Blonde Bed",$389.99,1
596,"Copper Chaise Lounge",$235.99,8
597,"Dark salmon Loveseat",$269.99,13
598,"Robin egg blue Bed",$389.99,24
599,"Maximum yellow End Table",$39.99,44
600,"Platinum Reclining Sofa","$1,119.99",64
601,"Lime Nightstand",$81.99,26
602,"Paradise pink Reclining Sofa","$1,119.99",75
603,"Castleton green Dining Chair",$89.99,71
604,"Light green Ottoman",$52.99,72
605,"Sugar Plum Plant Stand",$42.99,78
606,"Auburn Daybed",$311.99,79
607,"Wine red Crib",$289,80
608,"Indigo dye Stool",$54.99,61
609,"Chartreuse Dining Table",$800,27
610,"Sap green Dining Chair",$89.99,79
611,"Light French beige Futon",$219.99,10
612,"Dogwood rose Wardrobe",$719.99,67
613,"English lavender Chaise Lounge",$235.99,75
614,"Cotton candy Bed",$389.99,0
615,"Dark orchid Dining Table",$800,8
616,"Nickel Sofa",$649.99,17
617,"Honeydew Reclining Loveseat","$1,023.99",70
618,"Deep sky blue Chaise Lounge",$235.99,83
619,"Corn Stool",$54.99,7
620,"Mantis green Plant Stand",$42.99,44
621,"Gold End Table",$39.99,32
622,"Deep pink Plant Stand",$42.99,13
623,"Naples yellow Bench",$114.99,41
624,"Maximum purple Crib",$289,96
625,"Electric violet Storage Bench",$194.99,76
626,"Light yellow Reclining Sofa","$1,119.99",56
627,"Light sky blue Chaise Lounge",$235.99,6
628,"Turtle green Wardrobe",$719.99,49
629,"Blood red Storage Bench",$194.99,40
630,"Blue sapphire Sofa",$649.99,19
631,"Naples yellow Sofa",$649.99,42
632,"Spanish gray Ottoman",$52.99,26
633,"Electric purple Headboard",$222.99,73
634,"Medium blue Futon",$219.99,51
635,"Russian green Coffee Table",$200,66
636,"Corn Coffee Table",$200,69
637,"Lincoln green Sleeper Sofa","$1,279.99",50
638,"Vivid violet Reclining Loveseat","$1,023.99",44
639,"Cosmic cobalt Sofa",$649.99,33
640,"Bright green Loveseat",$269.99,9
641,"Wintergreen Dream Sofa",$649.99,68
642,"Emerald Reclining Sofa","$1,119.99",54
643,"Light pink Bench",$114.99,96
644,"Dark cyan Dining Table",$800,53
645,"Yellow Storage Bench",$194.99,11
646,"Magic mint Sleeper Sofa","$1,279.99",72
647,"Peach End Table",$39.99,55
648,"Strawberry Wardrobe",$719.99,76
649,"English vermillion Plant Stand",$42.99,20
650,"Amaranth pink Bed",$389.99,0
651,"Raw sienna Coffee Table",$200,25
652,"Burgundy Ottoman",$52.99,72
653,"Spring green Loveseat",$269.99,31
654,"Light blue End Table",$39.99,46
655,"Champagne pink Ottoman",$52.99,49
656,"Bright navy blue Futon",$219.99,31
657,"Citrine End Table",$39.99,67
658,"Old lavender Dresser",$699.99,8
659,"Arctic lime Daybed",$311.99,36
660,"Middle red Sectional","$1,039.99",85
661,"Neon green Crib",$289,3
662,"USAFA blue Reclining Sofa","$1,119.99",61
663,"Gray End Table",$39.99,91
664,"Mimi pink Dining Table",$800,25
665,"Amaranth pink Stool",$54.99,19
666,"Coral pink Sleeper Sofa","$1,279.99",6
667,"Old gold Bench",$114.99,6
668,"UP Forest green Dresser",$699.99,27
669,"Terra cotta Bench",$114.99,44
670,"Linen Futon",$219.99,94
671,"Pastel pink Reclining Loveseat","$1,023.99",22
672,"Cameo pink Bed",$389.99,78
673,"Laurel green Bed",$389.99,39
674,"Solid pink Chaise Lounge",$235.99,92
675,"Alabaster Crib",$289,40
676,"Blast-off bronze End Table",$39.99,92
677,"Middle blue Reclining Loveseat","$1,023.99",83
678,"Indian red Loveseat",$269.99,17
679,"Bistre brown Nightstand",$81.99,36
680,"Deep pink Dresser",$699.99,83
681,"Han blue Dining Table",$800,60
682,"Italian sky blue Bed",$389.99,100
683,"Screamin' Green Futon",$219.99,47
684,"Rifle green Headboard",$222.99,46
685,"Copper red Chaise Lounge",$235.99,87
686,"Russian green Stool",$54.99,59
687,"Tawny Plant Stand",$42.99,56
688,"Blue-violet Loveseat",$269.99,38
689,"Medium aquamarine Sectional","$1,039.99",2
690,"Sunglow Nightstand",$81.99,44
691,"Spring bud Sectional","$1,039.99",13
692,"Medium orchid Crib",$289,95
693,"Celadon blue Sofa",$649.99,7
694,"Schauss pink Bed",$389.99,38
695,"Mountbatten pink Sleeper Sofa","$1,279.99",27
696,"Persian blue Coffee Table",$200,81
697,"Vanilla ice Sleeper Sofa","$1,279.99",42
698,"Mountbatten pink Wardrobe",$719.99,32
699,"Violet-blue Sofa",$649.99,36
700,"Old mauve Futon",$219.99,59
701,"Lemon glacier Bed",$389.99,32
702,"Copper rose Stool",$54.99,7
703,"Paradise pink Dining Chair",$89.99,9
704,"Black bean Dresser",$699.99,2
705,"French raspberry Nightstand",$81.99,19
706,"Lava Chaise Lounge",$235.99,62
707,"Rebecca Purple Dining Table",$800,83
708,"Purple navy Daybed",$311.99,7
709,"Brown sugar Sleeper Sofa","$1,279.99",50
710,"Parchment Loveseat",$269.99,14
711,"Shocking pink Sleeper Sofa","$1,279.99",62
712,"Dim gray Dining Chair",$89.99,43
713,"True Blue Stool",$54.99,84
714,"Bottle green Loveseat",$269.99,33
715,"Big dip o’ruby Stool",$54.99,22
716,"Tea green Headboard",$222.99,59
717,"Burnt sienna Headboard",$222.99,92
718,"Maximum green yellow Ottoman",$52.99,43
719,"Brick red Reclining Sofa","$1,119.99",1
720,"Navy blue Dining Chair",$89.99,68
721,"Medium spring green Sofa",$649.99,66
722,"Venetian red Storage Bench",$194.99,18
723,"Lemon glacier Chaise Lounge",$235.99,16
724,"Deep saffron End Table",$39.99,19
725,"Blast-off bronze Headboard",$222.99,89
726,"Lemon glacier Bed",$389.99,81
727,"French lime End Table",$39.99,40
728,"Blaze orange Bench",$114.99,57
729,"Lime Dresser",$699.99,18
730,"Midnight green Daybed",$311.99,2
731,"Upsdell red Nightstand",$81.99,62
732,"Light salmon Bed",$389.99,56
733,"Bright green Daybed",$311.99,73
734,"Cadmium orange Nightstand",$81.99,71
735,"Gray Loveseat",$269.99,31
736,"Deep cerise Crib",$289,98
737,"Radical Red Dining Table",$800,86
738,"Light coral Daybed",$311.99,82
739,"Purple pizzazz Chaise Lounge",$235.99,88
740,"Copper Bench",$114.99,3
741,"Sugar Plum End Table",$39.99,77
742,"Spanish viridian Dining Table",$800,82
743,"Pine green Ottoman",$52.99,63
744,"Orange Dining Table",$800,24
745,"Rose vale Ottoman",$52.99,18
746,"Coffee Loveseat",$269.99,9
747,"Thulian pink Dresser",$699.99,77
748,"Chrome yellow Headboard",$222.99,53
749,"Liseran purple Bed",$389.99,27
750,"Medium carmine Reclining Sofa","$1,119.99",41
751,"Rose taupe Coffee Table",$200,31
752,"Razzle dazzle rose Sofa",$649.99,85
753,"Middle blue Stool",$54.99,38
754,"May green Chaise Lounge",$235.99,97
755,"Key lime Dining Chair",$89.99,39
756,"Olive Drab Crib",$289,55
757,"Tropical rainforest Storage Bench",$194.99,78
758,"Gold Bed",$389.99,0
759,"Lemon curry Daybed",$311.99,32
760,"Copper Storage Bench",$194.99,28
761,"Moss green Dining Chair",$89.99,99
762,"Cosmic latte Chaise Lounge",$235.99,25
763,"Hunter green Sofa",$649.99,94
764,"Ochre Reclining Sofa","$1,119.99",35
765,"Seal brown Sleeper Sofa","$1,279.99",83
766,"Maroon Wardrobe",$719.99,21
767,"Steel Teal Coffee Table",$200,84
768,"Wood brown Reclining Sofa","$1,119.99",8
769,"Indian red Coffee Table",$200,67
770,"Brown sugar Sleeper Sofa","$1,279.99",78
771,"Iceberg Reclining Loveseat","$1,023.99",50
772,"Blue-gray Chaise Lounge",$235.99,75
773,"Peach puff Dresser",$699.99,2
774,"Black olive Chaise Lounge",$235.99,74
775,"Palatinate purple Futon",$219.99,73
776,"Pink Sherbet End Table",$39.99,73
777,"Green Daybed",$311.99,3
778,"Mint green Dresser",$699.99,51
779,"Persimmon Chaise Lounge",$235.99,18
780,"Corn End Table",$39.99,78
781,"Orchid pink Sectional","$1,039.99",64
782,"Mountain Meadow green Sleeper Sofa","$1,279.99",15
783,"Charm pink Storage Bench",$194.99,22
784,"Fern green Loveseat",$269.99,65
785,"Powder blue Sleeper Sofa","$1,279.99",69
786,"Dark jungle green Headboard",$222.99,49
787,"Amethyst Loveseat",$269.99,83
788,"Myrtle Crib",$289,7
789,"Powder blue Bed",$389.99,70
790,"Green Lizard End Table",$39.99,90
791,"English vermillion Reclining Loveseat","$1,023.99",78
792,"Baby powder blue Dining Chair",$89.99,94
793,"Seal brown Bed",$389.99,69
794,"Volt green Bed",$389.99,100
795,"Cocoa brown Wardrobe",$719.99,97
796,"Dark orchid Plant Stand",$42.99,2
797,"Pacific blue Bench",$114.99,64
798,"Steel blue Daybed",$311.99,63
799,"Amethyst Sofa",$649.99,51
800,"Lemon yellow Stool",$54.99,18
801,"Wild blue yonder Sleeper Sofa","$1,279.99",94
802,"Aquamarine Wardrobe",$719.99,73
803,"Rufous Bench",$114.99,89
804,"Apple green Storage Bench",$194.99,1
805,"Livid blue Crib",$289,1
806,"Celadon blue Futon",$219.99,49
807,"Spanish carmine Daybed",$311.99,53
808,"Deep taupe Plant Stand",$42.99,16
809,"Carnation pink Plant Stand",$42.99,13
810,"Saddle brown Dining Chair",$89.99,24
811,"Shiny Shamrock Plant Stand",$42.99,30
812,"Battleship grey Nightstand",$81.99,73
813,"Strawberry Blonde Loveseat",$269.99,75
814,"Teal blue Wardrobe",$719.99,100
815,"Ruby red End Table",$39.99,3
816,"Japanese violet Sofa",$649.99,26
817,"Medium violet-red Reclining Sofa","$1,119.99",81
818,"Lava Loveseat",$269.99,73
819,"Pale pink Dining Chair",$89.99,37
820,"Periwinkle Daybed",$311.99,80
821,"Rubine red Headboard",$222.99,52
822,"UP maroon Sleeper Sofa","$1,279.99",22
823,"Sandy brown Daybed",$311.99,28
824,"Safety orange Sofa",$649.99,84
825,"Peach Bench",$114.99,41
826,"Red Salsa End Table",$39.99,89
827,"Viridian green Sofa",$649.99,34
828,"Sky blue Wardrobe",$719.99,10
829,"Falu red End Table",$39.99,12
830,"Earth yellow Reclining Sofa","$1,119.99",94
831,"Mint Dresser",$699.99,55
832,"Mauvelous Chaise Lounge",$235.99,0
833,"Tuscan red Futon",$219.99,42
834,"Lemon curry Sofa",$649.99,0
835,"Lemon yellow Chaise Lounge",$235.99,19
836,"Cameo pink Sectional","$1,039.99",62
837,"Paradise pink Bench",$114.99,63
838,"Dark olive green Daybed",$311.99,87
839,"Dark brown Sectional","$1,039.99",82
840,"Little boy blue Crib",$289,1
841,"Dark sea green Dining Table",$800,10
842,"French lime Futon",$219.99,6
843,"Sunset Sleeper Sofa","$1,279.99",85
844,"Cosmic latte Coffee Table",$200,74
845,"Apple green Storage Bench",$194.99,11
846,"Electric lime Reclining Sofa","$1,119.99",89
847,"Arctic lime Dining Chair",$89.99,16
848,"Cerulean frost Storage Bench",$194.99,50
849,"Cerulean frost Ottoman",$52.99,10
850,"Dark goldenrod Bench",$114.99,11
851,"Lemon curry Headboard",$222.99,72
852,"Hot magenta Sofa",$649.99,61
853,"Salmon pink Futon",$219.99,43
854,"Candy pink Headboard",$222.99,59
855,"Lavender Coffee Table",$200,66
856,"Brandy Daybed",$311.99,40
857,"Cardinal Reclining Sofa","$1,119.99",24
858,"Sweet Brown Plant Stand",$42.99,86
859,"Han purple Bench",$114.99,14
860,"Onyx End Table",$39.99,8
861,"Harvest gold Chaise Lounge",$235.99,1
862,"Dark orange End Table",$39.99,65
863,"Screamin' Green Dining Table",$800,33
864,"Green Chaise Lounge",$235.99,36
865,"Light blue Plant Stand",$42.99,90
866,"Copper penny Crib",$289,24
867,"Blue Nightstand",$81.99,63
868,"Lava Storage Bench",$194.99,36
869,"Cobalt blue Ottoman",$52.99,16
870,"Royal purple Dresser",$699.99,35
871,"Dark orange Plant Stand",$42.99,82
872,"Deep taupe Storage Bench",$194.99,84
873,"University of Pennsylvania red Sectional","$1,039.99",71
874,"Seashell Reclining Sofa","$1,119.99",95
875,"Cadmium yellow Storage Bench",$194.99,23
876,"Cameo pink Dining Chair",$89.99,31
877,"Amber Reclining Sofa","$1,119.99",34
878,"Jasmine Loveseat",$269.99,74
879,"Dark spring green Chaise Lounge",$235.99,87
880,"Payne's grey Nightstand",$81.99,54
881,"Mahogany Reclining Sofa","$1,119.99",12
882,"Solid pink Sleeper Sofa","$1,279.99",31
883,"Antique brass Coffee Table",$200,60
884,"Ultra pink Loveseat",$269.99,56
885,"Metallic Sunburst Plant Stand",$42.99,87
886,"Tomato red Crib",$289,66
887,"Rose Coffee Table",$200,91
888,"Olive Drab Futon",$219.99,23
889,"Light French beige Wardrobe",$719.99,25
890,"Blue bell Sleeper Sofa","$1,279.99",66
891,"Heliotrope gray Daybed",$311.99,22
892,"Brown Nightstand",$81.99,69
893,"Carnation pink Plant Stand",$42.99,92
894,"Golden poppy Bed",$389.99,87
895,"Lemon Futon",$219.99,40
896,"Windsor tan Storage Bench",$194.99,77
897,"Copper Reclining Loveseat","$1,023.99",41
898,"Canary Loveseat",$269.99,82
899,"Espresso Futon",$219.99,58
900,"Periwinkle Headboard",$222.99,57
901,"Medium violet-red End Table",$39.99,47
902,"Honeydew Crib",$289,51
903,"Black coffee Wardrobe",$719.99,66
904,"Olive green Reclining Loveseat","$1,023.99",23
905,"Black bean End Table",$39.99,44
906,"Champagne pink Reclining Loveseat","$1,023.99",48
907,"Sand dune Stool",$54.99,22
908,"Persian blue Bed",$389.99,35
909,"Phthalo green Sofa",$649.99,68
910,"Citron Futon",$219.99,21
911,"Ruby red Coffee Table",$200,12
912,"Harvest gold Bed",$389.99,91
913,"Majorelle blue Bench",$114.99,22
914,"Bottle green Stool",$54.99,28
915,"Sky magenta Storage Bench",$194.99,98
916,"Maximum purple Dining Table",$800,68
917,"Maximum green Sleeper Sofa","$1,279.99",79
918,"Rusty red End Table",$39.99,31
919,"Rose taupe Daybed",$311.99,79
920,"Acid green Crib",$289,59
921,"Vivid sky blue Ottoman",$52.99,98
922,"Fawn Daybed",$311.99,2
923,"Cornflower blue Nightstand",$81.99,8
924,"Light cornflower blue Sectional","$1,039.99",30
925,"Falu red Dining Chair",$89.99,80
926,"Eggplant Reclining Loveseat","$1,023.99",78
927,"Café noir Crib",$289,32
928,"Pansy purple End Table",$39.99,52
929,"Aqua Reclining Sofa","$1,119.99",16
930,"Papaya whip Crib",$289,65
931,"Dark spring green Ottoman",$52.99,45
932,"Sepia Daybed",$311.99,59
933,"Red-violet Futon",$219.99,58
934,"Olive green Headboard",$222.99,76
935,"Jungle green Wardrobe",$719.99,53
936,"Van Dyke brown Ottoman",$52.99,27
937,"Baby pink End Table",$39.99,38
938,"Light sea green Dresser",$699.99,86
939,"Shamrock green Chaise Lounge",$235.99,23
940,"USAFA blue Coffee Table",$200,63
941,"China rose Bed",$389.99,32
942,"Yellow-green End Table",$39.99,85
943,"Dark orchid Headboard",$222.99,52
944,"Green-yellow Wardrobe",$719.99,67
945,"Tyrian purple Daybed",$311.99,92
946,"Glossy grape Dining Chair",$89.99,66
947,"French blue Bed",$389.99,53
948,"Forest green Bench",$114.99,70
949,"Jungle green Loveseat",$269.99,11
950,"Phthalo blue Sectional","$1,039.99",42
951,"Apple green Plant Stand",$42.99,80
952,"Lawn green Storage Bench",$194.99,6
953,"UP Forest green Nightstand",$81.99,83
954,"Laser lemon Chaise Lounge",$235.99,74
955,"Olive Drab Bench",$114.99,51
956,"Mahogany Futon",$219.99,56
957,"Android green Dresser",$699.99,75
958,"Baker-Miller pink Sleeper Sofa","$1,279.99",13
959,"Castleton green Dining Chair",$89.99,64
960,"Fire engine red Futon",$219.99,58
961,"Amaranth red Plant Stand",$42.99,6
962,"UP Forest green Nightstand",$81.99,83
963,"Tyrian purple Reclining Sofa","$1,119.99",46
964,"Ruby Futon",$219.99,6
965,"Honeydew Futon",$219.99,97
966,"Yellow Sunshine Dining Table",$800,96
967,"Black Dresser",$699.99,56
968,"Maximum yellow Chaise Lounge",$235.99,14
969,"Mandarin Bed",$389.99,54
970,"Light French beige Futon",$219.99,93
971,"Mango Tango Stool",$54.99,41
972,"White Wardrobe",$719.99,94
973,"Thulian pink Ottoman",$52.99,45
974,"Pale silver Plant Stand",$42.99,70
975,"Wild blue yonder Dresser",$699.99,99
976,"Sage green Headboard",$222.99,13
977,"Columbia Blue Futon",$219.99,57
978,"Fuzzy Wuzzy brown Stool",$54.99,28
979,"China pink Futon",$219.99,0
980,"Carmine Sectional","$1,039.99",92
981,"Tea rose Ottoman",$52.99,7
982,"Brown sugar Bed",$389.99,31
983,"UA red Stool",$54.99,11
984,"Spanish red Headboard",$222.99,16
985,"Old lace Stool",$54.99,50
986,"Antique bronze Reclining Sofa","$1,119.99",7
987,"Vivid sky blue Loveseat",$269.99,59
988,"Lemon curry Sofa",$649.99,3
989,"Brown Storage Bench",$194.99,49
990,"Flame Sectional","$1,039.99",55
991,"Lion gold Storage Bench",$194.99,96
992,"Sepia Sleeper Sofa","$1,279.99",95
993,"Lapis lazuli Sectional","$1,039.99",89
994,"Air superiority blue Crib",$289,24
995,"Rose quartz Ottoman",$52.99,53
996,"Saffron Stool",$54.99,9
997,"French violet Bench",$114.99,35
998,"Cyber grape Bed",$389.99,58
999,"Picotee blue Daybed",$311.99,13
1000,"Opal Ottoman",$52.99,41
1001,"Old lace Sofa",$649.99,24
1002,"Rose bonbon Daybed",$311.99,99
1003,"Mint cream Wardrobe",$719.99,11
1004,"Smoky black Dining Table",$800,12
1005,"Granny Smith apple Sofa",$649.99,61
1006,"Sepia Sofa",$649.99,4
1007,"Raspberry Bed",$389.99,47
1008,"Cream Reclining Sofa","$1,119.99",39
1009,"Dodger blue Dining Chair",$89.99,18
1010,"Magenta Bed",$389.99,87
1011,"Amaranth red Crib",$289,79
1012,"Golden poppy Coffee Table",$200,78
1013,"Lion gold Stool",$54.99,14
1014,"Pullman Brown Wardrobe",$719.99,62
1015,"Cosmic cobalt Stool",$54.99,13
1016,"Sapphire Bench",$114.99,7
1017,"Rocket metallic Dresser",$699.99,18
